Название книги,Автор,Издательство,Цена со скидкой,Цена без скидки,Процент скидки,Наличие на складе
Глубокое обучение на Python,Шолле Франсуа,Питер:Библиотека программиста,2823,3619,22,На складе
Микропроцессорные системы. Применение микроконтроллеров семейства AVR для управления внешними устр.,Сонькин Михаил Аркадьевич и др.,Инфра-Инженерия,724,1317,45,На складе
Основы визуального программирования в среде Visual Studio на базе C#,Мартыненко Татьяна Владимировна и др.,Инфра-Инженерия,908,1651,45,На складе
Пять строк кода. Роберт Мартин рекомендует,Клаусен Кристиан,Питер:Библиотека программиста,1701,2181,22,На складе
Python. Исчерпывающее руководство,Бизли Дэвид,Питер:Для профессионалов,2240,2872,22,На складе
Практикум по анализу данных на языках Python и R. Учебное пособие,Баюк Олег Александрович и др.,Прометей,499,908,45,На складе
Знакомство с Python,Бейдер Дэн и др.,Питер:Библиотека программиста,2142,2746,22,На складе
Теория и практика программирования на языке Pascal,"Расолько Галина Алексеевна, Кремень Юрий Алексеевич",Вышэйшая школа,9796,17811,45,На складе
"Искусственный интеллект и компьютерное зрение. Реальные проекты на Python, Keras и TensorFlow",Коул Анирад и др.,Питер:Бестселлеры O`Reilly,3787,4855,22,На складе
Грокаем стриминг,"Фишер Джош, Ван Нин",Питер:Библиотека программиста,1702,2182,22,На складе
Высокопроизводительные Python-приложения. Практическое руководство по эффективному программированию,"Горелик Миша, Йен Освальд",Бомбора:Мировой компьютерный бестселлер (обложка),1499,2053,27,На складе
Проектирование и разработка интерфейсов пользователя. Учебное пособие. ФГОС СПО,"Шитов Виктор Николаевич, Успенский Кирилл Евгеньевич",Кнорус:Среднее профессиональное образование,1402,2549,45,На складе
"JavaScript. Картинки, галереи, слайдеры. Учебное пособие для вузов",Янцев Валерий Викторович,Лань:Компьютеры и программное обеспечение,2186,3975,45,На складе
"JavaScript. Картинки, галереи, слайдеры. Учебное пособие для СПО",Янцев Валерий Викторович,Лань:Компьютеры и программное обеспечение,2186,3975,45,Ограничено
Entity Framework Core в действии,Смит Джон П.,ДМК-Пресс,2961,5383,45,На складе
API в разработке приложений Autodesk Inventor. Практическое руководство,Дюймовский Пайни,Инфра-Инженерия,1970,3581,45,На складе
Python без проблем. Решаем реальные задачи и пишем полезный код,Зингаро Даниэль,Питер:Библиотека программиста,1617,2073,22,На складе
"Создаем динамические веб-сайты с помощью PHP, MySQL, JavaScript, CSS и HTML5",Никсон Робин,Питер:Бестселлеры O`Reilly,2823,3619,22,На складе
Кибердзюцу. Кибербезопасность для современных ниндзя,Маккарти Бен,Питер:Библиотека программиста,1844,2364,22,На складе
Black Hat Go. Программирование для хакеров и пентестеров,Коттманн Дэн и др.,Питер:Библиотека программиста,2511,3219,22,На складе
Алгоритмы неформально. Инструкция для начинающих питонистов,Брэдфорд Такфилд,Питер:Библиотека программиста,1417,1817,22,На складе
Компьютерные системы. Архитектура и программирование,"Брайант Рэндал Э., О`Халларон Дэвид",ДМК-Пресс,3702,6730,45,На складе
Социальная инженерия и этичный хакинг на практике,Грей Джо,ДМК-Пресс,1481,2693,45,На складе
Spring быстро,Спилкэ Лауренциу,Питер,2836,3636,22,На складе
Kali Linux. Библия пентестера,Хаваджа Гас,Питер:Для профессионалов,4241,5437,22,На складе
Scala. Профессиональное программирование,Одерски Мартин и др.,Питер:Библиотека программиста,5659,7255,22,Ограничено
Моделирование систем управления. Учебник для вузов,"Семенов Анатолий Дмитриевич, Юрков Николай Кондратьевич",Лань:Компьютеры и программное обеспечение,2186,3975,45,На складе
Исследование операций. Том 2. Задачи транспортного типа. Учебник для вузов,Трушков Александр Сергеевич,Лань:Компьютеры и программное обеспечение,2186,3975,45,На складе
"Python для сетевых инженеров. Автоматизация сети, программирование и DevOps",Чоу Эрик,Питер:Для профессионалов,3815,4891,22,На складе
Kafka в действии,Скотт Дилан и др.,ДМК-Пресс,2221,4038,45,На складе
Объяснимые модели искусственного интеллекта на Python. Модель искусственного интеллекта,Мишра Прадипта,ДМК-Пресс,1924,3499,45,На складе
Проектирование гибких программ,"Хансон Крис, Сассман Джеральд Джей",ДМК-Пресс,2221,4038,45,На складе
Идеальная работа. Программирование без прикрас,Мартин Роберт С.,Питер:Библиотека программиста,1361,1745,22,На складе
Криптографические основы блокчейн-технологий,Ищукова Евгения Александровна и др.,ДМК-Пресс,1481,2693,45,На складе
Web-программирование на Python. Учебное пособие,Янцев Валерий Викторович,Лань:Компьютеры и программное обеспечение,1858,3379,45,На складе
Web-программирование на Python. СПО,Янцев Валерий Викторович,Лань:Компьютеры и программное обеспечение,1858,3379,45,На складе
Go. Идиомы и паттерны проектирования,Боднер Джон,Питер:Бестселлеры O`Reilly,2823,3619,22,На складе
Python. Чистый код для продолжающих,Свейгарт Эл,Питер:Библиотека программиста,2263,2901,22,На складе
Как проектировать программы,Фелляйзен Маттиас и др.,ДМК-Пресс,2961,5383,45,На складе
Введение в программирование и структуры данных,Фислер Кати и др.,ДМК-Пресс,2221,4038,45,На складе
Введение в гибридные технологии разработки мобильных приложений. Учебное пособие. СПО,"Заяц Анатолий Моисеевич, Васильев Николай Павлович",Лань:Компьютеры и программное обеспечение,1229,2235,45,Ограничено
Программирование в САПР. Учебное пособие,Лянг Виктор Федорович,ИНФРА-М:Высшее образование. Бакалавриат,3051,5547,45,На складе
Введение в гибридные технологии разработки мобильных приложений. Учебное пособие,"Васильев Николай Павлович, Заяц Анатолий Моисеевич",Лань:Учебники для вузов. Специальная литература,2149,3907,45,На складе
SQL. Быстрое погружение,Шилдс Уолтер,Питер:Библиотека программиста,1270,1628,22,На складе
Spring Boot по-быстрому,Хеклер Марк,Питер:Бестселлеры O`Reilly,2397,3073,22,На складе
Параллельное программирование на современном С++,Гримм Райнер,ДМК-Пресс,2961,5383,45,На складе
Устройство и программирование автономных роботов. Проекты на Python и Raspberry PI,Стейпл Дэнни,ДМК-Пресс,1845,3354,45,На складе
Практический хакинг интернета вещей,Чанцис Фотиос и др.,ДМК-Пресс,2665,4846,45,На складе
Практическое введение в решение дифференциальных уравнений в Python,Ершов Николай Михайлович,ДМК-Пресс,1481,2693,45,На складе
Open Source. Разработка программ с открытым исходным кодом,Эгбал Надья,Питер:Библиотека программиста,2405,3083,22,На складе
"Теоретический минимум по Computer Science. Сети, криптография и data science","Феррейра Фило Владстон, Пиктет Мото",Питер:Библиотека программиста,1263,1619,22,На складе
Программирование в Roblox. Сделать игру - проще простого,Брамбо Зандер,ДМК-Пресс,1481,2693,45,На складе
Алгоритмы. Самый краткий и понятный курс,Луридас Панос,Бомбора:Библиотека MIT,607,832,27,На складе
Масштабируемый рефакторинг. Возвращаем контроль над кодом,Лемер Мод,Питер:Бестселлеры O`Reilly,1631,2091,22,На складе
Многопоточный JavaScript,"Хантер Томас II, Инглиш Брайан",ДМК-Пресс,1924,3499,45,На складе
JavaScript. Визуальные редакторы. Учебное пособие для СПО,Янцев Валерий Викторович,Лань:Компьютеры и программное обеспечение,1390,2528,45,На складе
JavaScript. Визуальные редакторы. Учебное пособие для вузов,Янцев Валерий Викторович,Лань:Компьютеры и программное обеспечение,1390,2528,45,На складе
Языки программирования и методы трансляции. Учебное пособие для вузов,Свердлов Сергей Залманович,Лань:Компьютеры и программное обеспечение,2257,4104,45,На складе
Алгоритмы Data Science и их практическая реализация на Python,Протодьяконов Андрей Владимирович и др.,Инфра-Инженерия,1583,2879,45,На складе
Графический анализ на языке R. Учебно-методическое пособие,Лукьянов Павел Борисович,Прометей,642,1167,45,На складе
Head First. Изучаем C#,"Стиллмен Эндрю, Грин Дженнифер",Питер:Head First (O'Reilly),2908,3728,22,На складе
Основы алгоритмизации и программирования на Visual C++. Учебное пособие,Гуриков Сергей Ростиславович,ИНФРА-М:Высшее образование. Бакалавриат,2837,5159,45,На складе
Дисциплина программирования. Матем.обеспечение ЭВМ,Дейкстра Э.,RUGRAM:ЁЁ Медиа,1943,2491,22,Ограничено
Алгоритмы и программы. Язык С++. Учебное пособие для СП,"Конова Елена Александровна, Поллак Галина Андреевна",Лань:Учебники для вузов. Специальная литература,1219,2216,45,На складе
Программирование на языке Си. Учебное пособие для вузов,Рацеев Сергей Михайлович,Лань:Компьютеры и программное обеспечение,2202,4003,45,На складе
Руткиты и буткиты. Обратная разработка вредоносных программ и угрозы следующего поколения,Матросов Александр и др.,ДМК-Пресс,2665,4846,45,На складе
Профессиональный бенчмарк. Искусство измерения производительности,Акиньшин Андрей,Питер:Библиотека программиста,2836,3636,22,На складе
Язык программирования C# 9 и платформа .NET 5: основные принципы и практики программирования,"Троелсен Эндрю, Джепикс Филипп",Диалектика,5702,10368,45,На складе
Этичный хакинг. Практическое руководство по взлому,Грэм Дэниел Г.,Питер:Библиотека программиста,2255,2891,22,На складе
Основы построения экономических моделей в Excel. Учебник для СПО,"Воскобойников Юрий Евгеньевич, Мухина Ирина Николаевна",Лань:Компьютеры и программное обеспечение,1275,2318,45,Ограничено
Программирование на языке Си.Учебное пособие для СПО,Рацеев Сергей Михайлович,Лань:Компьютеры и программное обеспечение,2085,3791,45,На складе
JavaScript.Как писать программы.Учебное пособие для вузов,Янцев Валерий Викторович,Лань:Компьютеры и программное обеспечение,1507,2740,45,Ограничено
JavaScript.Как писать программы Учебное пособие для СПО,Янцев Валерий Викторович,Лань:Компьютеры и программное обеспечение,1507,2740,45,На складе
Теория автоматического управления в примерах и задачах с решениями в MATLAB. Учебное пособие,Гайдук Анатолий Романович и др.,Лань:Учебники для вузов. Специальная литература,2292,4167,45,На складе
Язык программирования С++,Страуструп Бьерн,Бином,1716,3120,45,На складе
Построение распределенных систем на базе WebSocket. Учебное пособие для вузов,"Хабаров Сергей Петрович, Шилкина Мария Львовна",Лань:Компьютеры и программное обеспечение,1613,2933,45,На складе
Svelte и Sapper в действии,Волкманн Марк,Питер:Для профессионалов,4197,5381,22,На складе
Хочу в геймдев! Основы игровой разработки для начинающих,"Уточкин Вячеслав Николаевич, Сахнов Константин Сергеевич",Бомбора:Российский компьютерный бестселлер,965,1322,27,На складе
Разработка игр и теория развлечений,Костер Рэф,ДМК-Пресс,1628,2960,45,На складе
Структуры данных в Python. Начальный курс,Шихи Дональд Р.,ДМК-Пресс,1333,2423,45,На складе
Большая книга проектов Python,Свейгарт Эл,Питер,1688,2164,22,На складе
System Design. Подготовка к сложному интервью,Сюй Алекс,Питер,1404,1800,22,На складе
Отзывчивый дизайн на HTML5 и CSS3 для любых устройств,Фрэйн Бен,Питер,2268,2908,22,На складе
Глубокое обучение с подкреплением. Теория и практика на языке Python,"Грессер Лаура, Кенг Ван Лун",Питер:Библиотека программиста,2540,3256,22,На складе
Искусство WebAssembly. Создание безопасных межплатформенных высокопроизводительных приложений,Баттальини Рик,ДМК-Пресс,1481,2693,45,На складе
Микросервисы Spring в действии,"Карнелл Джон, Санчес Иллари Уайлупо",ДМК-Пресс,2517,4576,45,На складе
Осваиваем архитектуру Transformer. Разработка современных моделей с помощью передовых методов,"Йылдырым Саваш, Асгари-Ченаглу Мейсам",ДМК-Пресс,2221,4038,45,На складе
Основы юзабилити-тестирования,Барнум Кэрол М.,ДМК-Пресс,2665,4846,45,На складе
Творческие проекты с микроконтроллером в среде TinyGo и WebAssembly,Тил Тобиас,ДМК-Пресс,1628,2960,45,На складе
Программирование на Python. Первые шаги,Щерба Анастасия Владимировна,Лаборатория знаний:Школа юного программиста,681,1238,45,На складе
Вычисления в кольцах некоммутативных многочленов. Учебное пособие для вузов,Цирулик Владимир Григорьевич,Лань:Компьютеры и программное обеспечение,2212,4021,45,На складе
Практический анализ двоичных файлов,Эндриесс Дэннис,ДМК-Пресс,2517,4576,45,На складе
Изучаем C# через разработку игр на Unity,Ферроне Харрисон,Питер:Библиотека программиста,1688,2164,22,На складе
Основы алгоритмизации и программирования на языке Паскаль. Лабораторный практикум. Учебное пособие,Коренская Ирина Николаевна,Лань:Компьютеры и программное обеспечение,873,1588,45,На складе
Исследование операций. Том 1. Линейное программирование. Учебник для вузов,Трушков Александр Сергеевич,Лань:Компьютеры и программное обеспечение,1623,2950,45,На складе
Игра в цифры. Как аналитика позволяет видеоиграм жить лучше,Сабиров Василий Константинович,Бомбора:Российский компьютерный бестселлер,1407,1928,27,На складе
Apache Airflow и конвейеры обработки данных,"Харенслак Бас, Руйтер Джулиан де",ДМК-Пресс,2814,5116,45,На складе
Python для всех,Северанс Чарльз Р.,ДМК-Пресс,961,1748,45,На складе
Практикум по проектированию на языках VerilogHDL и SystemVerilog. Учебное пособие,"Мурсаев Александр Хафизович, Буренева Ольга Игоревна",Лань:Учебники для вузов. Специальная литература,746,1356,45,На складе
Использование языка Python в теории вероятности. Учебник,Криволапов Сергей Яковлевич,Прометей,1569,2852,45,На складе
Экономика на Python. Учебник,"Хрипунова Марина Борисовна, Губернаторов Алексей Михайлович",Прометей,1141,2074,45,На складе
Black Hat Python. Программирование для хакеров и пентестеров,"Зейтц Джастин, Арнольд Тим",Питер:Библиотека программиста,1688,2164,22,На складе
Однострочники Python. Лаконичный и содержательный код,Майер Кристиан,Питер:Библиотека программиста,1688,2164,22,На складе
Гид Java-разработчика. Проектно-ориентированный подход,"Урма Рауль-Габриэль, Уорбэртон Ричард",Бомбора:Мировой компьютерный бестселлер,819,1122,27,На складе
"PHP 8. Объекты, шаблоны и методики программирования",Зандстра Мэтт,Диалектика,4278,7778,45,На складе
Python и DevOps. Ключ к автоматизации Linux,Гифт Ной и др.,Питер:Бестселлеры O`Reilly,2561,3283,22,На складе
Прикладное программирование на С/С++: с нуля,Иванов Всеволод Борисович,Солон-пресс:Программирование,741,1347,45,На складе
Введение в логическое программирование,"Дженесерет Майкл, Чаудри Винай К.",ДМК-Пресс,1333,2423,45,На складе
Параллельное программирование на C# и .NET Core,Шакти Танвар,ДМК-Пресс,1554,2826,45,На складе
Разработка игр на языке JavaScript. Учебное пособие,Беляев Сергей Алексеевич,Лань:Компьютеры и программное обеспечение,381,692,45,На складе
Параллельные и высокопроизводительные вычисления,"Роби Роберт, Замора Джулиана",ДМК-Пресс,3406,6192,45,На складе
Исследование операций в экономике. Практикум. Учебное пособие для вузов,Слабнов Виктор Дмитриевич,Лань:Компьютеры и программное обеспечение,2085,3791,45,Ограничено
"Паттерны разработки на Python. TDD, DDD и событийно-ориентированная архитектура","Персиваль Гарри, Грегори Боб",Питер:Для профессионалов,2127,2727,22,На складе
WebAssembly в действии,Галлан Жерар,Питер:Библиотека программиста,2823,3619,22,На складе
Разработка моделей предметной области автоматизации. Учебник для вузов,Котлинский Сергей Владимирович,Лань:Компьютеры и программное обеспечение,2434,4425,45,На складе
Разработка моделей предметной области автоматизации. Учебник для СПО,Котлинский Сергей Владимирович,Лань:Компьютеры и программное обеспечение,2202,4003,45,На складе
Тестирование программного обеспечения. Учебное пособие для СПО,Игнатьев Александр Владимирович,Лань:Компьютеры и программное обеспечение,348,632,45,На складе
Проектирование человеко-машинного взаимодействия. Учебник для вузов,Игнатьев Александр Владимирович,Лань:Компьютеры и программное обеспечение,393,715,45,На складе
Программные коллекции данных. Проектирование и реализация. Учебник,Романенко Татьяна Александровна,Лань:Компьютеры и программное обеспечение,1275,2318,45,Ограничено
Программные коллекции данных. Проектирование и реализация. Учебное пособие для СПО,Романенко Татьяна Александровна,Лань:Компьютеры и программное обеспечение,1275,2318,45,На складе
C# 9 и .NET 5. Разработка и оптимизация,Прайс Марк Дж.,Питер:Для профессионалов,3545,4545,22,На складе
Clojure на производстве,Гришаев Иван,ДМК-Пресс,1481,2693,45,На складе
Алгоритмы ГИС,Сяо Нинчуань,ДМК-Пресс,1777,3230,45,На складе
Изучаем SHINY,Уикем Хэдли,ДМК-Пресс,1924,3499,45,На складе
Анализ поведенческих данных на R и PYTHON,Бюиссон Флоран,ДМК-Пресс,2221,4038,45,На складе
Оптимизация запросов PostgreSQL,Домбровская Генриэтта и др.,ДМК-Пресс,1554,2826,45,На складе
Разработка беспилотных транспортных средств,Лю Шаошань и др.,ДМК-Пресс,1628,2960,45,На складе
Сети 6G. Путь от 5G к 6G глазами разработчиков,Тонг Вэнь и др.,ДМК-Пресс,2961,5383,45,На складе
Статистические вычисления на платформе Jupyter Notebook с использованием Python. Учебник,Криволапов Сергей Яковлевич,Кнорус:Бакалавриат и магистратура,1294,2353,45,Ограничено
Корпоративные информационные системы на базе решения Oracle E-Business Suite. Калькуляция затрат,"Васильева Елена Викторовна, Громова Алла Александровна",Прометей,570,1037,45,На складе
Проектирование цифровых образовательных ресурсов,Коннова Лариса Петровна и др.,Прометей,1069,1944,45,На складе
Классические задачи Computer Science на языке Java,Копец Дэвид,Питер:Библиотека программиста,1545,1981,22,На складе
Информационное моделирование: методолгия использования цифровых моделей. Часть 1,Бачурина Светлана Самуиловна,ДМК-Пресс,740,1345,45,На складе
Head First. Паттерны проектирования,Фримен Эрик и др.,Питер:Head First (O'Reilly),2127,2727,22,На складе
Web-программирование на JavaScript. Учебное пособие для СПО,Диков Андрей Валентинович,Лань:Компьютеры и программное обеспечение,1008,1833,45,На складе
Автоматизация рутинных задач с помощью Python,Свейгарт Эл,Диалектика,2852,5186,45,На складе
Алгоритмы. Теория и практическое применение,Стивенс Род,Эксмо:Мировой компьютерный бестселлер,1268,1737,27,На складе
Апокалипсис криптографии. Подготовка криптографии к квантовым вычислениям,Граймс Роджер А.,ДМК-Пресс,1777,3230,45,На складе
"{Вы пока еще не знаете JS} Познакомьтесь, JavaScript",Симпсон Кайл,Питер:Библиотека программиста,1121,1437,22,На складе
{Вы пока еще не знаете JS}. Область видимости и замыкания,Симпсон Кайл,Питер:Библиотека программиста,1192,1528,22,На складе
Паттерны программирования игр,Нистрем Роберт,Бомбора:Мировой компьютерный бестселлер,1499,2053,27,На складе
Эффективный C. Профессиональное программирование,Сикорд Роберт С.,Питер:Библиотека программиста,1857,2381,22,На складе
React. Современные шаблоны для разработки приложений,"Бэнкс Алекс, Порселло Ева",Питер:Бестселлеры O`Reilly,1945,2493,22,На складе
JavaScript. Обработка событий на примерах. Учебное пособие,Янцев Валерий Викторович,Лань:Компьютеры и программное обеспечение,1390,2528,45,Ограничено
ASP.NET CORE в действии,Лок Эндрю,ДМК-Пресс,3035,5518,45,На складе
Анализируем данные в Microsoft Power BI. Подготовка к экзамену DA-100,Маслюк Даниил,ДМК-Пресс,1628,2960,45,На складе
Программирование на PHP в примерах и задачах,Васильев Алексей,Эксмо-Пресс:Российский компьютерный бестселлер,965,1322,27,На складе
Статистический анализ экспериментальных данных в пакетах MathCAD и Excel. Учебное пособие для вузов,Воскобойников Юрий Евгеньевич,Лань:Компьютеры и программное обеспечение,1674,3044,45,На складе
Инженерные расчеты. Книга-билингва. Учебное пособие,Очков Валерий Федорович и др.,Лань:Компьютеры и программное обеспечение,2085,3791,45,На складе
Системы искусственного интеллекта. Моделирование нейронных сетей в системе MATLAB. Лабораторный пр.,"Романов Петр Сергеевич, Романова Ирина Петровна",Лань:Компьютеры и программное обеспечение,811,1475,45,На складе
JavaScript. Обработка событий на примерах. Учебное пособие для СПО,Янцев Валерий Викторович,Лань:Компьютеры и программное обеспечение,1390,2528,45,Ограничено
Компьютерное моделирование автоматизации технологических процессов и производств. Практикум. СПО,Алексеев Владимир Анатольевич,Лань:Компьютеры и программное обеспечение,1275,2318,45,Ограничено
Ghidra. Полное руководство,"Игл Крис, Нэнс Кара",ДМК-Пресс,2814,5116,45,На складе
Изучаем WinUI 3.0,Эшкрафт Элвин,ДМК-Пресс,1481,2693,45,На складе
JavaScript для профессиональных веб-разработчиков,Фрисби Мэтт,Питер:Для профессионалов,3472,4451,22,На складе
Осваиваем Ethereum. Создание смарт-контрактов и децентрализованных приложений,"Антонопулос Андреас М., Вуд Гэвин",Бомбора:Мировой компьютерный бестселлер,2078,2846,27,На складе
SQL за 10 минут,Форта Бен,Вильямс,1426,2592,45,На складе
Облачные архитектуры. Разработка устойчивых и экономичных облачных приложений,Лащевски Том и др.,Питер:Библиотека программиста,1560,2000,22,На складе
Делай как в Google. Разработка программного обеспечения,Винтерс Титус и др.,Питер:Бестселлеры O`Reilly,2836,3636,22,На складе
Программируем на C# 8.0. Разработка приложений,Гриффитс Иэн,Питер:Бестселлеры O`Reilly,4099,5255,22,На складе
C# 9.0. Справочник. Полное описание языка,Албахари Джозеф,Диалектика,5037,9159,45,На складе
Изучаем квантовые вычисления на Python и Q#,"Кайзер Сара, Гранад Кристофер",ДМК-Пресс,2073,3769,45,На складе
"Системы автоматического управления: теория, применение, моделирование в MATLAB. Учебное пособие",Ощепков Александр Юрьевич,Лань:Учебники для вузов. Специальная литература,1475,2681,45,На складе
Коды с суммированием для систем технического диагностирования. В 2-х томах,Сапожников Валерий Владимирович и др.,Наука,965,1755,45,На складе
Основы тестирования программного обеспечения. Учебное пособие для СПО,Старолетов Сергей Михайлович,Лань:Компьютеры и программное обеспечение,1342,2440,45,На складе
"Гид по Computer Science, расширенное издание",Спрингер Вильям,Питер:Библиотека программиста,1185,1519,22,На складе
"Computer Science. Основы программирования на Java, ООП, алгоритмы и структуры данных","Седжвик Роберт, Уэйн Кевин",Питер,2681,3437,22,На складе
Как работают компьютерные сети и интернет,Северанс Чарльз Р.,ДМК-Пресс,961,1748,45,На складе
Разработка конвейеров машинного обучения. Автоматизация жизненных циклов модели с помощью TensorFlow,"Ханнес Хапке, Нельсон Кэтрин",ДМК-Пресс,1554,2826,45,На складе
"SQL для хранения, обработки и анализа данных","Туманов Владимир Евгеньевич, Гайфуллин Булат Накиевич",Солон-пресс:Библиотека студента,578,1051,45,На складе
Технология программирования. Проектирование. Комплексное тестирование. Программная документация,Иванова Галина Сергеевна,Кнорус:Бакалавриат,1078,1960,45,На складе
"Безопасность веб-приложений. Разведка, защита, нападение",Хоффман Эндрю,Питер:Бестселлеры O`Reilly,2521,3232,22,На складе
Распределенные данные. Алгоритмы работы современных систем хранения информации,Петров Алекс,Питер:Бестселлеры O`Reilly,2731,3501,22,На складе
Безопасно by Design,Берг Джонсон Дэн и др.,Питер:Библиотека программиста,2213,2837,22,На складе
Пакет прикладных программ. Учебное пособие,Шитов Виктор Николаевич,ИНФРА-М:Среднее профессиональное образование,1782,3240,45,На складе
Программирование в САПР. Пространственное моделирование колонного аппарата в среде Autodesk Inventor,Лянг Виктор Федорович,ИНФРА-М:Высшее образование. Бакалавриат,1412,2567,45,На складе
Искусство тестирования на проникновение в сеть,Дэвис Ройс,ДМК-Пресс,1628,2960,45,На складе
Построение пользовательских интерфейсов,Малышев Кирилл Викторович,ДМК-Пресс,1333,2423,45,На складе
Data Science для карьериста,"Нолис Жаклин, Робинсон Эмили",Питер:Библиотека программиста,2459,3152,22,На складе
"Экстремальный Cи. Параллелизм, ООП и продвинутые возможности",Амини Камран,Питер:Для профессионалов,3105,3981,22,На складе
Программная инженерия. Учебное пособие,Маран Михкель Михкелевич,Лань:Учебники для вузов. Специальная литература,1573,2860,45,На складе
Системы искусственного интеллекта. Учебное пособие,Бураков Михаил Владимирович,Проспект,633,1151,45,На складе
Алгоритмы обработки текста. 125 задач с решениями,Крошемор Максим и др.,ДМК-Пресс,1481,2693,45,На складе
Аналитика в Power BI с помощью R и Python,Уэйд Райан,ДМК-Пресс,1924,3499,45,На складе
Программирование. Введение в профессию. Том 2. Системы и сети,Столяров Андрей Викторович,ДМК-Пресс,2517,4576,45,На складе
Программирование. Введение в профессию. Том 3. Парадигмы,Столяров Андрей Викторович,ДМК-Пресс,2517,4576,45,На складе
C#. Алгоритмы и структуры данных. Учебное пособие для вузов,"Тюкачев Николай Аркадиевич, Хлебостроев Виктор Григорьевич",Лань:Компьютеры и программное обеспечение,2749,4998,45,На складе
"Python, например",Лейси Никола,Питер:Библиотека программиста,1589,2037,22,На складе
"Изучаем SQL. Генерация, выборка и обработка данных",Болье Алан,Диалектика,2852,5186,45,На складе
Знакомство с программированием на языке Processing,"Риас Кейси, Фрай Бен",ДМК-Пресс,1110,2018,45,На складе
Принятие решений и феномен неопределенности. Учебное пособие,Клименко Игорь Семенович,Лань:Компьютеры и программное обеспечение,1208,2196,45,На складе
C#. Основы программирования (+CD). Учебное пособие для СПО,"Тюкачев Николай Аркадиевич, Хлебостроев Виктор Григорьевич",Лань:Компьютеры и программное обеспечение,1569,2852,45,Ограничено
JavaScript для глубокого обучения. TensorFlow.js,Шолле Франсуа и др.,Питер:Библиотека программиста,3545,4545,22,На складе
Введение в язык Си++,Столяров Андрей Викторович,ДМК-Пресс,888,1614,45,На складе
Оформление программного кода,Столяров Андрей Викторович,ДМК-Пресс,740,1345,45,На складе
"Профессиональное программирование на ассемблере x64 с расширениями AVX, AVX2 и AVX-512",Куссвюрм Даниэль,ДМК-Пресс,2443,4441,45,На складе
Безопасность контейнеров. Фундаментальный подход к защите контейнеризированных приложений,Райс Лиз,Питер:Бестселлеры O`Reilly,2263,2901,22,На складе
Те же 10 вопросов через 20 лет. Офис и компьютер,Проскурин Сергей Павлович,Деловой двор,258,331,22,На складе
Программирование. Введение в профессию. Том 1. Азы программирования,Столяров Андрей Викторович,ДМК-Пресс,2517,4576,45,На складе
Имитационное моделирование процессов и систем в АПК. Учебное пособие,"Худякова Елена Викторовна, Липатов Алексей Александрович",Колос:Учебники и учебные пособия для студентов вузов,1862,3386,45,На складе
ВОСХОД программиста,Земцов А. Н.,Деловой двор:Хочу в СССР,920,1180,22,На складе
JavaScript с нуля,Чиннатамби Кирупа,Питер:Библиотека программиста,1545,1981,22,На складе
Наглядный CSS,Сидельников Грег,Питер:Библиотека программиста,1404,1800,22,На складе
Scala. Профессиональное программирование,Одерски Мартин и др.,Питер:Библиотека программиста,5332,6836,22,На складе
Основы разработки iOS-приложений на C# с помощью Xamarin. Учебное пособие для вузов,Умрихин Евгений Дмитриевич,Лань:Компьютеры и программное обеспечение,1824,3317,45,На складе
Основы разработки iOS-приложений на C# с помощью Xamarin.СПО,Умрихин Евгений Дмитриевич,Лань:Компьютеры и программное обеспечение,1739,3162,45,На складе
Программирование. Сборник задач. Учебное пособие для СПО,Маран Михкель Михкелевич и др.,Лань:Компьютеры и программное обеспечение,1074,1953,45,Ограничено
Математическое программирование.СПО,Ганичева Антонина Валериановна,Лань:Математика,989,1798,45,Ограничено
Программирование на ассемблере х64. От начального уровня до профессионального использования AVX64,Йо Ван Гуй,ДМК-Пресс,1777,3230,45,На складе
Обработка и представление данных в MS Excel. Учебное пособие,"Бурнаева Эльфия Гарифовна, Леора Светлана Николаевна",Лань:Компьютеры и программное обеспечение,717,1304,45,На складе
Парадигма программирования. Учебное пособие,Городняя Лидия Васильевна,Лань:Учебники для вузов. Специальная литература,1394,2534,45,Ограничено
ASP.NET Core 3 с примерами на C# для профессионалов,Фримен Адам,Вильямс,5702,10368,45,На складе
Создаем динамические веб-сайты на PHP,"Татро Кевин, Макинтайр Питер",Питер:Бестселлеры O`Reilly,2325,2981,22,На складе
Теория вероятностей и математическая статистика в среде MATLAB. Учебное пособие,Алибеков Игорь Юсупович,Лань:Компьютеры и программное обеспечение,1128,2051,45,На складе
HTTP/2 в действии,Поллард Барри,ДМК-Пресс,2368,4306,45,На складе
Методика моделирования динамики октокоптера,Щекатуров Александр Михайлович,ДМК-Пресс,1481,2693,45,На складе
"Байесовская статистика. Star Wars, LEGO, резиновые уточки и многое другое",Курт Уилл,Питер:Библиотека программиста,2793,3581,22,На складе
Python. Лучшие практики и инструменты,"Яворски Михаил, Зиаде Терек",Питер:Библиотека программиста,2793,3581,22,На складе
C# 9.0. Карманный справочник,"Албахари Джозеф, Албахари Бен",Диалектика,1426,2592,45,На складе
Теория автоматического управления (с использованием MATLAB - SIMULINK). Учебное пособие,"Пащенко Федор Федорович, Кудинов Юрий Иванович",Лань:Компьютеры и программное обеспечение,2085,3791,45,На складе
Обработка естественного языка. Python и spaCy на практике,Васильев Юрий,Питер:Библиотека программиста,1554,1992,22,На складе
Python для финансовых расчетов,Хилпиш Ив,Диалектика:Самоучитель,7128,12960,45,Ограничено
Разработка и анализ компьютерных алгоритмов,Ахо Альфред В. и др.,Вильямс,2187,3976,45,На складе
Научное программирование на Python,Хилл Кристиан,ДМК-Пресс,2368,4306,45,На складе
C#. Алгоритмы и структуры данных (+CD). СПО,"Тюкачев Николай Аркадиевич, Хлебостроев Виктор Григорьевич",Лань:Компьютеры и программное обеспечение,1353,2460,45,Ограничено
C#. Программирование 2D и 3D векторной графики +CD. СПО,"Тюкачев Николай Аркадиевич, Хлебостроев Виктор Григорьевич",Лань:Компьютеры и программное обеспечение,1569,2852,45,На складе
Алгоритмизация и программирование. Практикум. СПО,Андрианова Анастасия Александровна,Лань:Компьютеры и программное обеспечение,1230,2237,45,На складе
Организация беспроводных Ad Hoc и Hot Spot сетей в среде ОС Windows,"Заяц Анатолий Моисеевич, Хабаров Сергей Петрович",Лань:Компьютеры и программное обеспечение,1240,2254,45,На складе
Построение распределенных систем на базе WebSocket. Учебное пособие,"Хабаров Сергей Петрович, Шилкина Мария Львовна",Лань:Компьютеры и программное обеспечение,1168,2124,45,Ограничено
Практическое введение в язык программирования Си. СПО,"Солдатенко Илья Сергеевич, Попов Иван Владимирович",Лань:Компьютеры и программное обеспечение,791,1439,45,На складе
Проектирование и разработка WEB-приложений. Введение в frontend и backend разработку. СПО,"Заяц Анатолий Моисеевич, Васильев Николай Павлович",Лань:Компьютеры и программное обеспечение,901,1638,45,На складе
Простой Python для опытных программистов,Гаско Рик,Солон-пресс:Программирование,741,1347,45,На складе
Профессиональная разработка на Python,Уилкс Мэттью,ДМК-Пресс,2814,5116,45,На складе
Программируй & типизируй,Ришкуция Влад,Питер:Библиотека программиста,2240,2872,22,На складе
Основы Python. Научитесь мыслить как программист,Дауни Аллен Б.,"Манн, Иванов и Фербер",1461,2001,27,На складе
SimInTech. Преобразователи автономных источников электроэнергии,"Калачёв Ю. Н., Александров А. Г.",ДМК-Пресс,1110,2018,45,На складе
JavaScript. Готовые программы. Учебное пособие,Янцев Валерий Викторович,Лань:Компьютеры и программное обеспечение,1043,1896,45,Ограничено
JavaScript. Готовые программы. СПО,Янцев Валерий Викторович,Лань:Компьютеры и программное обеспечение,1074,1953,45,На складе
TypeScript быстро,"Файн Яков, Моисеев Антон",Питер:Для профессионалов,2495,3199,22,На складе
C# 8 и .NET Core. Разработка и оптимизация,Прайс Марк Дж.,Питер:Для профессионалов,3457,4432,22,На складе
